rank,prev_rank,name,league,off,def,spi
1,1,Manchester City,Barclays Premier League,3.32,0.21,95.55
2,2,Bayern Munich,German Bundesliga,3.21,0.39,92.9
3,3,Liverpool,Barclays Premier League,2.89,0.26,92.88
4,4,Paris Saint-Germain,French Ligue 1,2.78,0.41,89.8
5,5,Barcelona,Spanish Primera Division,2.82,0.44,89.53
6,6,Juventus,Italy Serie A,2.58,0.46,87.07
7,7,Chelsea,Barclays Premier League,2.5,0.49,85.86
8,8,Real Madrid,Spanish Primera Division,2.54,0.54,85.22
9,9,Atletico Madrid,Spanish Primera Division,2.17,0.36,84.71
10,10,Borussia Dortmund,German Bundesliga,2.5,0.61,83.57
11,11,Ajax,Dutch Eredivisie,2.93,0.87,83.49
12,12,FC Salzburg,Austrian T-Mobile Bundesliga,3.09,0.96,83.45
13,13,Napoli,Italy Serie A,2.37,0.64,81.31
14,15,Manchester United,Barclays Premier League,2.06,0.47,81.05
15,14,RB Leipzig,German Bundesliga,2.29,0.62,80.78
16,17,Arsenal,Barclays Premier League,2.43,0.73,80.25
17,19,Internazionale,Italy Serie A,2.29,0.65,80.15
18,18,Tottenham Hotspur,Barclays Premier League,2.29,0.66,79.87
19,16,Bayer Leverkusen,German Bundesliga,2.27,0.67,79.46
20,20,Sevilla FC,Spanish Primera Division,2.14,0.62,78.74
21,21,FC Porto,Portuguese Liga,2.18,0.66,78.36
22,25,Zenit St Petersburg,Russian Premier Liga,2.2,0.69,77.99
23,23,Everton,Barclays Premier League,2.0,0.57,77.8
24,22,Leicester City,Barclays Premier League,2.01,0.58,77.71
25,24,Benfica,Portuguese Liga,2.23,0.8,76.01
26,27,Real Sociedad,Spanish Primera Division,2.05,0.69,75.78
27,26,Getafe,Spanish Primera Division,1.88,0.57,75.76
28,32,Flamengo,Brasileiro Série A,1.98,0.69,74.69
29,31,Villarreal,Spanish Primera Division,2.12,0.81,74.2
30,37,Eintracht Frankfurt,German Bundesliga,2.09,0.8,73.87
31,30,Athletic Bilbao,Spanish Primera Division,1.76,0.57,73.82
32,35,Valencia,Spanish Primera Division,2.13,0.83,73.78
33,29,Olympiacos,Greek Super League,2.15,0.86,73.53
34,41,Borussia Monchengladbach,German Bundesliga,2.13,0.85,73.26
35,36,AS Roma,Italy Serie A,2.04,0.8,73.01
36,39,Schalke 04,German Bundesliga,1.99,0.76,72.98
37,43,VfL Wolfsburg,German Bundesliga,1.91,0.71,72.93
38,40,Club Brugge,Belgian Jupiler League,2.12,0.86,72.87
39,34,Wolverhampton,Barclays Premier League,1.83,0.67,72.57
40,38,TSG Hoffenheim,German Bundesliga,2.17,0.92,72.38
41,42,AC Milan,Italy Serie A,1.95,0.76,72.29
42,33,Eibar,Spanish Primera Division,1.83,0.68,72.25
43,28,PSV,Dutch Eredivisie,2.31,1.03,72.17
44,44,Lyon,French Ligue 1,1.91,0.75,71.88
45,45,Young Boys,Swiss Raiffeisen Super League,2.36,1.09,71.78
46,51,Southampton,Barclays Premier League,1.91,0.79,71.1
47,48,Atalanta,Italy Serie A,2.14,0.96,70.96
48,47,Lazio,Italy Serie A,2.03,0.89,70.79
49,50,Burnley,Barclays Premier League,1.87,0.78,70.57
50,46,Crystal Palace,Barclays Premier League,1.88,0.79,70.49
51,52,Fiorentina,Italy Serie A,1.96,0.87,70.02
52,49,Basel,Swiss Raiffeisen Super League,2.18,1.04,69.96
53,53,Shakhtar Donetsk,UEFA Champions League,2.1,0.98,69.9
54,54,Granada,Spanish Primera Division,1.77,0.75,69.62
55,58,Osasuna,Spanish Primera Division,1.7,0.7,69.31
56,55,FC Krasnodar,Russian Premier Liga,1.94,0.9,69.01
57,56,AFC Bournemouth,Barclays Premier League,2.0,0.95,68.89
58,60,Werder Bremen,German Bundesliga,2.01,0.96,68.68
59,64,Leganes,Spanish Primera Division,1.63,0.68,68.43
60,66,Hertha Berlin,German Bundesliga,1.94,0.93,68.28
61,61,Real Betis,Spanish Primera Division,1.94,0.93,68.24
62,57,Lille,French Ligue 1,1.79,0.83,67.88
63,59,West Ham United,Barclays Premier League,1.91,0.92,67.87
64,67,PAOK Salonika,Greek Super League,2.06,1.04,67.85
65,62,Brighton and Hove Albion,Barclays Premier League,1.77,0.82,67.57
66,63,Celta Vigo,Spanish Primera Division,1.83,0.88,67.4
67,68,Palmeiras,Brasileiro Série A,1.63,0.72,67.4
68,65,River Plate,Argentina Primera Division,1.86,0.9,67.37
69,74,Watford,Barclays Premier League,1.9,0.96,66.88
70,69,Dinamo Zagreb,UEFA Champions League,2.06,1.08,66.87
71,76,Alavés,Spanish Primera Division,1.65,0.76,66.68
72,83,Lokomotiv Moscow,Russian Premier Liga,1.76,0.86,66.57
73,70,CSKA Moscow,Russian Premier Liga,1.79,0.88,66.49
74,71,Newcastle,Barclays Premier League,1.66,0.79,66.29
75,80,Aston Villa,Barclays Premier League,1.87,0.96,66.15
76,72,Espanyol,Spanish Primera Division,1.71,0.84,66.14
77,75,Ludogorets,UEFA Europa League,1.82,0.92,66.11
78,73,Leeds United,English League Championship,1.74,0.86,66.1
79,77,Sheffield United,Barclays Premier League,1.65,0.79,65.95
80,95,Celtic,Scottish Premiership,1.88,0.98,65.85
81,81,Dynamo Kiev,UEFA Europa League,1.86,0.98,65.46
82,94,LASK Linz,Austrian T-Mobile Bundesliga,1.91,1.03,65.35
83,84,Montpellier,French Ligue 1,1.57,0.75,65.3
84,78,Fulham,English League Championship,1.8,0.96,65.02
85,87,Bologna,Italy Serie A,1.76,0.92,65.0
86,79,Rangers,Scottish Premiership,1.98,1.11,64.8
87,86,Real Valladolid,Spanish Primera Division,1.63,0.83,64.74
88,82,Mainz,German Bundesliga,1.9,1.05,64.56
89,93,AS Monaco,French Ligue 1,1.89,1.05,64.46
90,90,Sporting CP,Portuguese Liga,1.78,0.96,64.34
91,91,Levante,Spanish Primera Division,1.96,1.12,64.24
92,85,Nantes,French Ligue 1,1.51,0.75,64.15
93,89,Galatasaray,Turkish Turkcell Super Lig,1.83,1.02,64.09
94,92,Marseille,French Ligue 1,1.67,0.89,64.0
95,96,Angers,French Ligue 1,1.62,0.86,63.49
96,88,SC Freiburg,German Bundesliga,1.78,1.01,63.24
97,100,FC Cologne,German Bundesliga,1.68,0.94,62.92
98,99,Mallorca,Spanish Primera Division,1.63,0.9,62.89
99,98,Red Star Belgrade,UEFA Champions League,2.04,1.25,62.82
100,107,Fortuna Düsseldorf,German Bundesliga,1.84,1.09,62.52
101,97,Grêmio,Brasileiro Série A,1.66,0.96,62.17
102,102,Slavia Prague,UEFA Champions League,1.84,1.14,61.52
103,101,Reims,French Ligue 1,1.45,0.8,61.3
104,104,Santos,Brasileiro Série A,1.52,0.87,61.29
105,112,Norwich City,Barclays Premier League,1.74,1.06,61.29
106,109,St Etienne,French Ligue 1,1.53,0.89,61.08
107,106,Torino,Italy Serie A,1.68,1.03,60.88
108,103,Guangzhou Evergrande,Chinese Super League,1.85,1.19,60.61
109,105,Genk,Belgian Jupiler League,1.83,1.17,60.56
110,110,FC Copenhagen,Danish SAS-Ligaen,1.84,1.18,60.56
111,111,Los Angeles FC,Major League Soccer,2.03,1.35,60.31
112,114,Udinese,Italy Serie A,1.5,0.89,60.24
113,113,Sampdoria,Italy Serie A,1.61,0.99,60.19
114,108,Boca Juniors,Argentina Primera Division,1.45,0.85,60.19
115,121,West Bromwich Albion,English League Championship,1.67,1.06,59.91
116,122,Cagliari,Italy Serie A,1.62,1.04,59.18
117,118,Sassuolo,Italy Serie A,1.71,1.13,59.12
118,123,FC Midtjylland,Danish SAS-Ligaen,1.6,1.02,59.07
119,130,Trabzonspor,Turkish Turkcell Super Lig,1.85,1.25,59.07
120,134,Shanghai SIPG,Chinese Super League,1.7,1.11,59.04
121,115,Stade Rennes,French Ligue 1,1.53,0.97,59.0
122,135,1. FC Union Berlin,German Bundesliga,1.59,1.03,58.8
123,128,Strasbourg,French Ligue 1,1.47,0.94,58.52
124,116,Nimes,French Ligue 1,1.58,1.04,58.36
125,124,Atlético Paranaense,Brasileiro Série A,1.54,1.0,58.31
126,138,FC Augsburg,German Bundesliga,1.84,1.27,58.3
127,127,Nice,French Ligue 1,1.5,0.98,58.04
128,139,Parma,Italy Serie A,1.61,1.08,58.0
129,129,Bordeaux,French Ligue 1,1.43,0.91,58.0
130,133,São Paulo,Brasileiro Série A,1.28,0.78,57.98
131,119,Beijing Guoan,Chinese Super League,1.69,1.15,57.94
132,136,Brentford,English League Championship,1.51,1.0,57.89
133,132,Apoel Nicosia,UEFA Europa League,1.63,1.1,57.84
134,144,Amiens,French Ligue 1,1.43,0.92,57.83
135,131,Besiktas,Turkish Turkcell Super Lig,1.86,1.32,57.68
136,120,Malmo FF,Swedish Allsvenskan,1.41,0.91,57.58
137,137,Braga,Portuguese Liga,1.56,1.06,57.52
138,126,Genoa,Italy Serie A,1.71,1.2,57.31
139,149,Verona,Italy Serie A,1.51,1.02,57.12
140,125,Tigres UANL,Mexican Primera Division Torneo Apertura,1.48,1.0,57.05
141,140,Brescia,Italy Serie A,1.57,1.09,57.02
142,142,Club América,Mexican Primera Division Torneo Apertura,1.58,1.1,56.87
143,117,AZ,Dutch Eredivisie,1.7,1.21,56.81
144,154,Bahía,Brasileiro Série A,1.31,0.86,56.78
145,155,Internacional,Brasileiro Série A,1.38,0.92,56.74
146,158,Vitesse,Dutch Eredivisie,1.94,1.44,56.67
147,143,Istanbul Basaksehir,Turkish Turkcell Super Lig,1.53,1.06,56.63
148,151,Standard Liege,Belgian Jupiler League,1.68,1.22,56.34
149,146,FC Astana,UEFA Europa League,1.62,1.17,56.19
150,147,Guimaraes,Portuguese Liga,1.45,1.01,56.12
151,152,Wolfsberger AC,Austrian T-Mobile Bundesliga,1.7,1.24,56.03
152,156,Toulouse,French Ligue 1,1.53,1.1,55.76
153,153,Fenerbahce,Turkish Turkcell Super Lig,1.59,1.16,55.75
154,163,Hammarby,Swedish Allsvenskan,2.05,1.62,55.19
155,141,Cruz Azul,Mexican Primera Division Torneo Apertura,1.5,1.1,55.18
156,145,SC Paderborn,German Bundesliga,1.62,1.22,54.89
157,160,Monterrey,Mexican Primera Division Torneo Apertura,1.52,1.17,53.93
158,148,Rostov,Russian Premier Liga,1.46,1.1,53.92
159,159,Dijon FCO,French Ligue 1,1.35,1.0,53.85
160,171,Santos Laguna,Mexican Primera Division Torneo Apertura,1.64,1.29,53.74
161,161,Atletico Mineiro,Brasileiro Série A,1.54,1.19,53.74
162,157,AEK Athens,Greek Super League,1.47,1.13,53.72
163,168,KAA Gent,Belgian Jupiler League,1.61,1.26,53.66
164,150,Corinthians,Brasileiro Série A,1.24,0.91,53.58
165,165,Spal,Italy Serie A,1.47,1.15,53.37
166,169,Molde,Norwegian Tippeligaen,1.8,1.47,53.25
167,172,Metz,French Ligue 1,1.4,1.08,53.1
168,164,Spartak Moscow,Russian Premier Liga,1.33,1.03,52.84
169,196,Cruzeiro,Brasileiro Série A,1.32,1.02,52.8
170,166,Cardiff City,English League Championship,1.46,1.16,52.77
171,162,Feyenoord,Dutch Eredivisie,1.82,1.51,52.68
172,180,Racing Club,Argentina Primera Division,1.36,1.07,52.49
173,170,Rapid Vienna,Austrian T-Mobile Bundesliga,1.63,1.34,52.3
174,184,Stoke City,English League Championship,1.38,1.1,52.27
175,193,Brondby,Danish SAS-Ligaen,1.78,1.49,52.23
176,188,León,Mexican Primera Division Torneo Apertura,1.58,1.3,52.17
177,167,Kashima Antlers,Japanese J League,1.48,1.22,51.94
178,174,Lecce,Italy Serie A,1.51,1.24,51.91
179,177,Rio Ave,Portuguese Liga,1.52,1.27,51.68
180,182,Brest,French Ligue 1,1.4,1.15,51.6
181,178,Nottingham Forest,English League Championship,1.33,1.08,51.49
182,176,IFK Norrkoping,Swedish Allsvenskan,1.5,1.26,51.2
183,187,FK Qarabag,UEFA Europa League,1.41,1.18,51.14
184,186,Huddersfield Town,English League Championship,1.41,1.18,51.09
185,210,FC Utrecht,Dutch Eredivisie,1.7,1.47,51.06
186,181,Vasco da Gama,Brasileiro Série A,1.26,1.03,51.05
187,179,Preston North End,English League Championship,1.38,1.16,51.02
188,189,FK Partizan Belgrade,UEFA Europa League,1.47,1.24,50.94
189,173,Bristol City,English League Championship,1.45,1.22,50.92
190,190,Ferencvaros,UEFA Europa League,1.51,1.29,50.9
191,183,Swansea City,English League Championship,1.48,1.26,50.79
192,185,VfB Stuttgart,German 2. Bundesliga,1.52,1.3,50.73
193,192,Velez Sarsfield,Argentina Primera Division,1.29,1.08,50.58
194,175,Pachuca,Mexican Primera Division Torneo Apertura,1.58,1.37,50.45
195,191,FC Arsenal Tula,Russian Premier Liga,1.35,1.15,50.39
196,204,AIK,Swedish Allsvenskan,1.32,1.12,50.37
197,200,Shandong Luneng,Chinese Super League,1.59,1.39,50.35
198,207,Anderlecht,Belgian Jupiler League,1.38,1.18,50.26
199,199,Sheffield Wednesday,English League Championship,1.31,1.12,50.17
200,195,Kawasaki Frontale,Japanese J League,1.44,1.26,50.02
201,198,Djurgardens IF,Swedish Allsvenskan,1.29,1.11,49.76
202,197,Jiangsu Suning FC,Chinese Super League,1.45,1.29,49.55
203,194,Gazovik Orenburg,Russian Premier Liga,1.44,1.28,49.32
204,211,Queens Park Rangers,English League Championship,1.45,1.3,49.12
205,209,Ceará,Brasileiro Série A,1.21,1.07,48.73
206,205,Hamburg SV,German 2. Bundesliga,1.38,1.26,48.55
207,208,New York City FC,Major League Soccer,1.53,1.44,47.95
208,234,Rayo Vallecano,Spanish Segunda Division,1.4,1.31,47.9
209,203,Fluminense,Brasileiro Série A,1.32,1.23,47.85
210,212,Blackburn,English League Championship,1.35,1.26,47.78
211,206,Atlanta United FC,Major League Soccer,1.49,1.41,47.77
212,202,CA Independiente,Argentina Primera Division,1.23,1.15,47.49
213,215,Newell's Old Boys,Argentina Primera Division,1.2,1.12,47.38
214,236,Alanyaspor,Turkish Turkcell Super Lig,1.45,1.38,47.34
215,217,FC Ufa,Russian Premier Liga,1.05,0.96,47.29
216,223,St Gallen,Swiss Raiffeisen Super League,1.5,1.44,47.17
217,220,Yokohama F. Marinos,Japanese J League,1.54,1.5,46.85
218,201,Girona FC,Spanish Segunda Division,1.38,1.34,46.79
219,222,Birmingham,English League Championship,1.24,1.19,46.62
220,221,Necaxa,Mexican Primera Division Torneo Apertura,1.39,1.36,46.45
221,235,KV Kortrijk,Belgian Jupiler League,1.48,1.46,46.42
222,218,Millwall,English League Championship,1.26,1.23,46.4
223,229,Sivasspor,Turkish Turkcell Super Lig,1.54,1.52,46.39
224,244,Krylia Sovetov,Russian Premier Liga,1.26,1.23,46.11
225,225,Portimonense,Portuguese Liga,1.26,1.24,46.07
226,216,Pumas Unam,Mexican Primera Division Torneo Apertura,1.22,1.2,46.04
227,213,Derby County,English League Championship,1.34,1.33,45.9
228,226,Philadelphia Union,Major League Soccer,1.49,1.5,45.89
229,243,Aris Salonika,Greek Super League,1.42,1.42,45.87
230,227,Santa Clara,Portuguese Liga,1.2,1.18,45.86
231,251,FC Luzern,Swiss Raiffeisen Super League,1.37,1.36,45.86
232,241,SK Sturm Graz,Austrian T-Mobile Bundesliga,1.25,1.24,45.81
233,246,Lanus,Argentina Primera Division,1.28,1.27,45.76
234,214,Antwerp,Belgian Jupiler League,1.4,1.41,45.66
235,230,Konyaspor,Turkish Turkcell Super Lig,1.17,1.16,45.59
236,268,FC Nordsjaelland,Danish SAS-Ligaen,1.53,1.55,45.57
237,224,Odense BK,Danish SAS-Ligaen,1.22,1.21,45.54
238,232,CFR 1907 Cluj,UEFA Europa League,1.42,1.44,45.51
239,245,Dinamo Moscow,Russian Premier Liga,1.05,1.04,45.36
240,228,Banfield,Argentina Primera Division,1.14,1.14,45.3
241,237,Famalicao,Portuguese Liga,1.34,1.36,45.27
242,238,Slovan Bratislava,UEFA Europa League,1.25,1.26,45.24
243,291,Heerenveen,Dutch Eredivisie,1.56,1.6,45.24
244,242,Yeni Malatyaspor,Turkish Turkcell Super Lig,1.49,1.53,45.14
245,240,Defensa y Justicia,Argentina Primera Division,1.08,1.09,44.97
246,252,Sochi,Russian Premier Liga,1.19,1.22,44.8
247,233,Mouscron-Peruwelz,Belgian Jupiler League,1.21,1.25,44.55
248,249,Querétaro,Mexican Primera Division Torneo Apertura,1.29,1.34,44.44
249,219,AGF Aarhus,Danish SAS-Ligaen,1.33,1.39,44.42
250,266,BK Hacken,Swedish Allsvenskan,1.22,1.27,44.37
251,231,Hull City,English League Championship,1.33,1.39,44.33
252,250,Lorient,French Ligue 2,1.28,1.33,44.32
253,254,Boavista,Portuguese Liga,1.05,1.09,44.2
254,256,Fortaleza,Brasileiro Série A,1.22,1.28,44.08
255,278,FC Groningen,Dutch Eredivisie,1.16,1.22,43.94
256,239,SV Zulte Waregem,Belgian Jupiler League,1.48,1.57,43.94
257,274,Cadiz,Spanish Segunda Division,1.14,1.2,43.91
258,248,Middlesbrough,English League Championship,1.23,1.3,43.89
259,255,PFC Oleksandriya,UEFA Europa League,1.29,1.37,43.89
260,270,Ural Sverdlovsk Oblast,Russian Premier Liga,1.4,1.49,43.79
261,276,Argentinos Juniors,Argentina Primera Division,1.04,1.09,43.76
262,257,Toronto FC,Major League Soccer,1.46,1.57,43.72
263,271,Botafogo,Brasileiro Série A,1.12,1.19,43.57
264,258,Chicago Fire,Major League Soccer,1.45,1.56,43.52
265,267,Sanfrecce Hiroshima,Japanese J League,1.18,1.26,43.4
266,259,Moreirense,Portuguese Liga,1.15,1.23,43.39
267,260,Randers FC,Danish SAS-Ligaen,1.25,1.35,43.37
268,295,Morelia,Mexican Primera Division Torneo Apertura,1.3,1.4,43.36
269,262,San Lorenzo,Argentina Primera Division,1.15,1.24,43.33
270,247,Terek Grozny,Russian Premier Liga,1.02,1.09,43.23
271,275,Cerezo Osaka,Japanese J League,1.01,1.08,43.18
272,279,Reading,English League Championship,1.19,1.28,43.13
273,261,Guingamp,French Ligue 2,1.3,1.41,43.11
274,253,Tijuana,Mexican Primera Division Torneo Apertura,1.36,1.48,43.06
275,269,Arizona United,United Soccer League,1.57,1.72,43.05
276,290,Union Santa Fe,Argentina Primera Division,1.07,1.17,42.84
277,265,FK Austria Vienna,Austrian T-Mobile Bundesliga,1.47,1.64,42.55
278,280,Guadalajara,Mexican Primera Division Torneo Apertura,1.18,1.31,42.41
279,283,Pacos Ferreira,Portuguese Liga,1.2,1.33,42.28
280,287,Wigan,English League Championship,1.15,1.28,42.26
281,284,Gil Vicente,Portuguese Liga,1.15,1.29,42.26
282,273,FC Lugano,Swiss Raiffeisen Super League,1.1,1.23,42.25
283,298,Arsenal Sarandi,Argentina Primera Division,1.23,1.38,42.18
284,288,Goztepe,Turkish Turkcell Super Lig,1.1,1.23,42.16
285,286,Los Angeles Galaxy,Major League Soccer,1.74,1.96,42.14
286,294,Hannover 96,German 2. Bundesliga,1.24,1.4,42.09
287,289,New York Red Bulls,Major League Soccer,1.38,1.56,41.98
288,264,FC Sion,Swiss Raiffeisen Super League,1.33,1.5,41.95
289,277,Talleres de Córdoba,Argentina Primera Division,1.12,1.26,41.79
290,293,Vitoria Setubal,Portuguese Liga,0.97,1.1,41.73
291,292,Rosenborg,Norwegian Tippeligaen,1.36,1.55,41.73
292,299,Rubin Kazan,Russian Premier Liga,0.93,1.05,41.7
293,296,Sporting de Charleroi,Belgian Jupiler League,1.31,1.51,41.42
294,308,Atlas,Mexican Primera Division Torneo Apertura,1.13,1.3,41.34
295,303,Portland Timbers,Major League Soccer,1.44,1.66,41.32
296,272,ADO Den Haag,Dutch Eredivisie,1.48,1.71,41.28
297,297,Lens,French Ligue 2,1.13,1.3,41.26
298,318,FC Tokyo,Japanese J League,1.05,1.21,41.19
299,301,Toluca,Mexican Primera Division Torneo Apertura,1.18,1.37,41.06
300,302,FC Dallas,Major League Soccer,1.37,1.6,40.98
301,304,Rosario Central,Argentina Primera Division,1.02,1.19,40.98
302,306,Seattle Sounders FC,Major League Soccer,1.34,1.57,40.97
303,281,Sparta,Dutch Eredivisie,1.34,1.57,40.86
304,300,Troyes,French Ligue 2,1.09,1.27,40.82
305,282,Atromitos,Greek Super League,1.16,1.37,40.67
306,316,AaB,Danish SAS-Ligaen,1.18,1.4,40.65
307,321,OFI Crete,Greek Super League,1.22,1.44,40.59
308,285,St. Truidense,Belgian Jupiler League,1.27,1.5,40.51
309,263,Perth Glory,Australian A-League,1.27,1.51,40.38
310,322,Heracles,Dutch Eredivisie,1.45,1.73,40.24
311,310,Almeria,Spanish Segunda Division,1.08,1.3,40.17
312,312,Tondela,Portuguese Liga,1.2,1.44,40.13
313,313,San Jose Earthquakes,Major League Soccer,1.4,1.68,40.13
314,314,Belenenses,Portuguese Liga,1.09,1.32,40.07
315,311,Goiás,Brasileiro Série A,1.12,1.35,40.05
316,315,Estudiantes,Argentina Primera Division,0.98,1.18,40.02
317,329,Luton Town,English League Championship,1.19,1.43,39.97
318,319,Mamelodi Sundowns,South African ABSA Premier League,1.13,1.37,39.8
319,305,Puebla,Mexican Primera Division Torneo Apertura,1.14,1.39,39.72
320,320,Central Córdoba Santiago del Estero,Argentina Primera Division,1.1,1.34,39.7
321,307,Chapecoense AF,Brasileiro Série A,1.04,1.27,39.7
322,335,Hartberg,Austrian T-Mobile Bundesliga,1.53,1.86,39.44
323,343,Charlton Athletic,English League Championship,1.15,1.41,39.42
324,337,Shanghai Greenland,Chinese Super League,1.36,1.66,39.4
325,324,Arminia Bielefeld,German 2. Bundesliga,1.23,1.51,39.36
326,330,Atlético Tucumán,Argentina Primera Division,1.04,1.28,39.26
327,325,Desportivo Aves,Portuguese Liga,1.13,1.4,39.14
328,323,Tianjin Teda,Chinese Super League,1.18,1.47,39.02
329,332,Wuhan Zall,Chinese Super League,1.17,1.45,38.95
330,327,Minnesota United FC,Major League Soccer,1.27,1.58,38.87
331,328,Bodo/Glimt,Norwegian Tippeligaen,1.46,1.81,38.87
332,309,Caykur Rizespor,Turkish Turkcell Super Lig,1.28,1.6,38.83
333,326,1. FC Nürnberg,German 2. Bundesliga,1.26,1.58,38.81
334,317,Dalian Aerbin,Chinese Super League,1.3,1.62,38.79
335,334,Sydney FC,Australian A-League,1.27,1.59,38.78
336,356,KV Mechelen,Belgian Jupiler League,1.24,1.57,38.5
337,382,Melbourne City,Australian A-League,1.15,1.46,38.47
338,339,Maritimo,Portuguese Liga,1.12,1.44,38.19
339,342,Huracán,Argentina Primera Division,0.99,1.29,37.9
340,338,Real Salt Lake,Major League Soccer,1.03,1.34,37.9
341,340,Patronato,Argentina Primera Division,1.02,1.34,37.73
342,364,Málaga,Spanish Segunda Division,0.91,1.19,37.73
343,344,Empoli,Italy Serie B,1.16,1.51,37.71
344,346,Henan Jianye,Chinese Super League,1.17,1.53,37.59
345,352,New England Revolution,Major League Soccer,1.36,1.76,37.58
346,331,FC Twente,Dutch Eredivisie,1.31,1.7,37.56
347,348,Sporting Kansas City,Major League Soccer,1.37,1.78,37.38
348,349,Columbus Crew,Major League Soccer,1.12,1.47,37.36
349,351,Colon Santa Fe,Argentina Primera Division,0.99,1.32,37.2
350,341,FC Tambov,Russian Premier Liga,1.07,1.43,37.19
351,377,Aberdeen,Scottish Premiership,1.15,1.52,37.13
352,355,Real Zaragoza,Spanish Segunda Division,1.07,1.43,37.06
353,354,Colorado Rapids,Major League Soccer,1.36,1.79,36.83
354,359,Chongqing Lifan,Chinese Super League,1.16,1.56,36.75
355,365,Willem II,Dutch Eredivisie,1.34,1.78,36.72
356,345,Gazisehir Gaziantep,Turkish Turkcell Super Lig,1.23,1.65,36.68
357,357,F91 Dudelange,UEFA Europa League,1.42,1.9,36.35
358,333,Ipswich Town,English League One,1.1,1.51,36.25
359,379,PEC Zwolle,Dutch Eredivisie,1.35,1.81,36.22
360,336,Avaí,Brasileiro Série A,0.97,1.35,36.09
361,361,Jahn Regensburg,German 2. Bundesliga,1.28,1.75,35.94
362,366,Holstein Kiel,German 2. Bundesliga,1.23,1.69,35.92
363,358,CSA,Brasileiro Série A,1.02,1.43,35.86
364,431,Genclerbirligi,Turkish Turkcell Super Lig,1.13,1.57,35.79
365,347,SD Huesca,Spanish Segunda Division,0.97,1.36,35.77
366,353,Vissel Kobe,Japanese J League,1.54,2.07,35.71
367,367,Kilmarnock,Scottish Premiership,0.89,1.27,35.7
368,380,Las Palmas,Spanish Segunda Division,0.99,1.4,35.62
369,368,Kasimpasa,Turkish Turkcell Super Lig,1.22,1.69,35.59
370,386,Panathinaikos,Greek Super League,0.93,1.33,35.43
371,374,Hebei China Fortune FC,Chinese Super League,1.2,1.68,35.42
372,384,Gamba Osaka,Japanese J League,1.16,1.63,35.26
373,372,IFK Goteborg,Swedish Allsvenskan,1.05,1.5,35.16
374,385,Chievo Verona,Italy Serie B,1.12,1.59,35.08
375,363,Gimnasia La Plata,Argentina Primera Division,0.99,1.42,35.07
376,373,DC United,Major League Soccer,1.14,1.62,35.05
377,375,Larissa,Greek Super League,0.89,1.29,35.03
378,376,Houston Dynamo,Major League Soccer,1.23,1.74,34.92
379,378,Bidvest Wits,South African ABSA Premier League,1.06,1.54,34.74
380,393,Sporting Gijón,Spanish Segunda Division,0.9,1.33,34.65
381,350,Cashpoint SC Rheindorf Altach,Austrian T-Mobile Bundesliga,1.29,1.83,34.59
382,381,Atlético San Luis,Mexican Primera Division Torneo Apertura,1.04,1.51,34.57
383,369,Guangzhou RF,Chinese Super League,1.45,2.04,34.55
384,399,Crotone,Italy Serie B,1.01,1.49,34.51
385,389,Le Havre,French Ligue 2,1.09,1.59,34.46
386,401,Asteras Tripolis,Greek Super League,0.87,1.32,34.12
387,398,Oxford United,English League One,1.22,1.77,34.11
388,362,Sonderjyske,Danish SAS-Ligaen,1.05,1.56,34.08
389,371,Sunderland,English League One,1.11,1.64,34.05
390,383,Servette,Swiss Raiffeisen Super League,1.05,1.57,33.94
391,391,Auxerre,French Ligue 2,0.97,1.47,33.8
392,412,FC Juárez,Mexican Primera Division Torneo Apertura,0.93,1.42,33.72
393,396,Emmen,Dutch Eredivisie,1.2,1.77,33.68
394,394,Orlando City SC,Major League Soccer,1.22,1.79,33.65
395,395,Orlando Pirates,South African ABSA Premier League,1.05,1.58,33.58
396,400,1. FC Heidenheim 1846,German 2. Bundesliga,1.06,1.6,33.39
397,407,FC Zurich,Swiss Raiffeisen Super League,1.0,1.53,33.35
398,417,Shenzhen FC,Chinese Super League,1.02,1.56,33.35
399,387,WSG Swarovski Wattens,Austrian T-Mobile Bundesliga,1.08,1.64,33.32
400,397,Tianjin Quanujian,Chinese Super League,1.12,1.69,33.3
401,405,Aldosivi,Argentina Primera Division,0.86,1.34,33.27
402,403,Benevento,Italy Serie B,0.94,1.45,33.17
403,402,Ankaragucu,Turkish Turkcell Super Lig,0.98,1.52,33.11
404,416,Barnsley,English League Championship,1.05,1.62,32.93
405,419,Nashville SC,United Soccer League,0.95,1.48,32.86
406,463,Real Oviedo,Spanish Segunda Division,1.02,1.61,32.48
407,414,Neuchatel Xamax,Swiss Raiffeisen Super League,1.1,1.71,32.37
408,404,Consadole Sapporo,Japanese J League,1.1,1.71,32.34
409,410,Caen,French Ligue 2,0.91,1.47,32.29
410,415,Kayserispor,Turkish Turkcell Super Lig,1.09,1.7,32.28
411,406,SV Mattersburg,Austrian T-Mobile Bundesliga,1.27,1.94,32.27
412,408,VfL Bochum,German 2. Bundesliga,1.19,1.84,32.26
413,421,SK Brann,Norwegian Tippeligaen,0.86,1.41,31.95
414,360,Antalyaspor,Turkish Turkcell Super Lig,1.12,1.76,31.95
415,422,Montreal Impact,Major League Soccer,1.11,1.76,31.83
416,409,FC Xanthi,Greek Super League,0.87,1.43,31.82
417,388,VVV Venlo,Dutch Eredivisie,1.22,1.9,31.81
418,427,SV Sandhausen,German 2. Bundesliga,1.03,1.65,31.74
419,424,Esbjerg,Danish SAS-Ligaen,0.99,1.6,31.73
420,418,FC St. Pauli,German 2. Bundesliga,1.06,1.7,31.72
421,423,Denizlispor,Turkish Turkcell Super Lig,0.95,1.56,31.57
422,429,Godoy Cruz,Argentina Primera Division,0.93,1.53,31.56
423,425,Haugesund,Norwegian Tippeligaen,1.0,1.63,31.51
424,428,Sochaux,French Ligue 2,0.77,1.31,31.48
425,390,Odd BK,Norwegian Tippeligaen,1.09,1.74,31.47
426,370,Deportivo La Coruña,Spanish Segunda Division,0.92,1.52,31.36
427,411,KV Oostende,Belgian Jupiler League,1.09,1.76,31.36
428,432,Albacete,Spanish Segunda Division,0.81,1.37,31.29
429,413,Fuenlabrada,Spanish Segunda Division,0.92,1.53,31.22
430,420,Elche,Spanish Segunda Division,0.88,1.48,31.0
431,433,Waasland-Beveren,Belgian Jupiler League,1.06,1.75,30.78
432,435,Tenerife,Spanish Segunda Division,0.99,1.66,30.76
433,444,Peterborough United,English League One,1.16,1.88,30.75
434,437,Viking FK,Norwegian Tippeligaen,1.09,1.8,30.72
435,434,Melbourne Victory,Australian A-League,1.07,1.77,30.67
436,446,Thun,Swiss Raiffeisen Super League,1.08,1.79,30.53
437,441,Kaizer Chiefs,South African ABSA Premier League,0.79,1.4,30.35
438,442,Lobos de la BUAP,Mexican Primera Division Torneo Clausura,0.98,1.67,30.3
439,426,Nagoya Grampus Eight,Japanese J League,1.15,1.9,30.13
440,456,Karlsruher SC,German 2. Bundesliga,1.05,1.77,30.12
441,465,Vegalta Sendai,Japanese J League,0.97,1.67,30.03
442,453,Louisville City FC,United Soccer League,1.11,1.86,30.0
443,443,Perugia,Italy Serie B,0.91,1.59,29.99
444,449,Frosinone,Italy Serie B,0.97,1.68,29.93
445,451,Pittsburgh Riverhounds,United Soccer League,0.91,1.6,29.84
446,454,AS Nancy Lorraine,French Ligue 2,0.89,1.56,29.79
447,438,Numancia,Spanish Segunda Division,0.76,1.39,29.79
448,467,Reno 1868 FC,United Soccer League,1.18,1.97,29.75
449,481,FC Trenkwalder Admira,Austrian T-Mobile Bundesliga,1.25,2.06,29.71
450,459,SV Darmstadt 98,German 2. Bundesliga,0.93,1.63,29.67
451,468,Racing Santander,Spanish Segunda Division,0.9,1.59,29.61
452,450,SD Ponferradina,Spanish Segunda Division,0.91,1.61,29.59
453,461,Kristiansund BK,Norwegian Tippeligaen,1.02,1.77,29.48
454,445,Lamia,Greek Super League,0.76,1.41,29.43
455,430,Extremadura UD,Spanish Segunda Division,0.73,1.36,29.42
456,457,Adelaide United,Australian A-League,1.01,1.75,29.39
457,462,Erzgebirge Aue,German 2. Bundesliga,1.03,1.79,29.31
458,452,VfL Osnabruck,German 2. Bundesliga,0.89,1.59,29.25
459,440,Clermont Foot,French Ligue 2,0.87,1.58,29.23
460,448,Hobro IK,Danish SAS-Ligaen,0.9,1.61,29.22
461,439,Tampa Bay Rowdies,United Soccer League,1.01,1.77,29.13
462,447,Urawa Red Diamonds,Japanese J League,1.0,1.77,28.96
463,478,Volos NFC,Greek Super League,0.99,1.76,28.81
464,436,Motherwell,Scottish Premiership,1.03,1.82,28.76
465,392,Newcastle Jets,Australian A-League,1.04,1.85,28.7
466,475,Oita Trinita,Japanese J League,0.73,1.41,28.66
467,458,Dynamo Dresden,German 2. Bundesliga,0.95,1.72,28.55
468,473,AD Alcorcon,Spanish Segunda Division,0.86,1.6,28.52
469,,Western United,Australian A-League,0.95,1.72,28.48
470,466,Fortuna Sittard,Dutch Eredivisie,1.24,2.14,28.43
471,477,SpVgg Greuther Fürth,German 2. Bundesliga,0.91,1.68,28.38
472,470,Black Aces,South African ABSA Premier League,1.0,1.81,28.26
473,469,Hibernian,Scottish Premiership,0.9,1.69,28.06
474,471,Shimizu S-Pulse,Japanese J League,1.16,2.06,27.96
475,485,Real Monarchs SLC,United Soccer League,1.22,2.14,27.93
476,476,IF Elfsborg,Swedish Allsvenskan,1.01,1.85,27.84
477,474,Grenoble,French Ligue 2,0.82,1.59,27.64
478,489,Eupen,Belgian Jupiler League,0.99,1.84,27.58
479,484,Hearts,Scottish Premiership,0.88,1.69,27.35
480,455,Cittadella,Italy Serie B,0.87,1.68,27.29
481,502,Stabaek,Norwegian Tippeligaen,0.86,1.68,27.13
482,492,RKC,Dutch Eredivisie,1.09,2.02,27.0
483,511,Silkeborg,Danish SAS-Ligaen,1.17,2.14,26.91
484,501,Lugo,Spanish Segunda Division,0.82,1.64,26.82
485,464,Valerenga,Norwegian Tippeligaen,1.03,1.94,26.82
486,487,Panetolikos,Greek Super League,0.85,1.7,26.68
487,513,Fleetwood Town,English League One,0.93,1.82,26.68
488,482,Orebro SK,Swedish Allsvenskan,1.02,1.94,26.67
489,486,Livingston,Scottish Premiership,0.95,1.85,26.41
490,472,Burton Albion,English League One,0.91,1.8,26.39
491,503,Paris FC,French Ligue 2,0.62,1.36,26.33
492,506,Veracruz,Mexican Primera Division Torneo Apertura,0.91,1.8,26.26
493,479,Western Sydney FC,Australian A-League,1.03,1.99,26.21
494,500,Spezia,Italy Serie B,0.85,1.72,26.18
495,491,Guizhou Renhe,Chinese Super League,0.92,1.83,26.14
496,495,Valenciennes,French Ligue 2,0.81,1.66,26.08
497,490,SV Wehen Wiesbaden,German 2. Bundesliga,0.94,1.87,25.96
498,483,Rotherham United,English League One,0.87,1.77,25.96
499,498,Orléans,French Ligue 2,0.84,1.73,25.95
500,480,Lyngby,Danish SAS-Ligaen,0.87,1.76,25.93
501,496,Sagan Tosu,Japanese J League,0.88,1.79,25.85
502,493,Niort,French Ligue 2,0.67,1.47,25.81
503,460,New York Red Bulls II,United Soccer League,1.25,2.34,25.69
504,507,Rodez,French Ligue 2,0.85,1.76,25.63
505,494,AC Ajaccio,French Ligue 2,0.64,1.44,25.61
506,505,Mirandes,Spanish Segunda Division,0.87,1.79,25.51
507,488,Portsmouth,English League One,0.82,1.72,25.36
508,504,Sarpsborg,Norwegian Tippeligaen,0.81,1.73,25.09
509,497,GIF Sundsvall,Swedish Allsvenskan,0.88,1.84,24.99
510,499,Panionios,Greek Super League,0.76,1.66,24.81
511,509,Cercle Brugge,Belgian Jupiler League,1.01,2.06,24.65
512,508,North Carolina FC,United Soccer League,0.95,1.98,24.62
513,510,SuperSport United,South African ABSA Premier League,0.73,1.64,24.52
514,518,Orange County SC,United Soccer League,0.88,1.88,24.4
515,516,Vancouver Whitecaps,Major League Soccer,0.93,1.98,24.08
516,523,Doncaster Rovers,English League One,0.81,1.8,24.02
517,517,Highlands Park FC,South African ABSA Premier League,0.75,1.71,23.93
518,522,St. Pölten,Austrian T-Mobile Bundesliga,0.85,1.9,23.51
519,519,Lillestrom,Norwegian Tippeligaen,0.87,1.92,23.46
520,524,AC Horsens,Danish SAS-Ligaen,0.75,1.75,23.4
521,530,Östersunds FK,Swedish Allsvenskan,0.8,1.85,23.07
522,515,Chateauroux,French Ligue 2,0.59,1.52,22.95
523,521,Indy Eleven,United Soccer League,0.67,1.65,22.82
524,548,Cosenza,Italy Serie B,0.67,1.67,22.7
525,512,Wellington Phoenix,Australian A-League,0.94,2.1,22.66
526,514,Ross County,Scottish Premiership,0.81,1.9,22.6
527,520,US Pescara,Italy Serie B,0.75,1.8,22.59
528,526,Shonan Bellmare,Japanese J League,0.92,2.09,22.28
529,528,Cremonese,Italy Serie B,0.65,1.66,22.18
530,531,Bloem Celtic,South African ABSA Premier League,0.68,1.73,21.91
531,529,Chambly Thelle FC,French Ligue 2,0.6,1.61,21.87
532,534,FC Cincinnati,Major League Soccer,0.85,2.03,21.63
533,532,Salernitana,Italy Serie B,0.7,1.79,21.63
534,525,San Antonio FC,United Soccer League,1.07,2.38,21.61
535,540,Wycombe Wanderers,English League One,0.74,1.85,21.56
536,539,Le Mans,French Ligue 2,0.82,1.98,21.49
537,562,Ranheim,Norwegian Tippeligaen,0.84,2.03,21.45
538,537,Tromso,Norwegian Tippeligaen,0.97,2.24,21.37
539,554,LA Galaxy II,United Soccer League,1.02,2.34,21.1
540,542,Livorno,Italy Serie B,0.73,1.88,20.97
541,533,Ascoli,Italy Serie B,0.7,1.82,20.96
542,527,Coventry City,English League One,0.68,1.81,20.76
543,543,Bradford City,English League Two,0.73,1.9,20.73
544,544,F.B.C Unione Venezia,Italy Serie B,0.62,1.72,20.48
545,541,Milton Keynes Dons,English League One,0.72,1.89,20.48
546,536,IK Sirius,Swedish Allsvenskan,0.83,2.09,20.37
547,545,Pordenone Calcio,Italy Serie B,0.72,1.91,20.36
548,550,Blackpool,English League One,0.66,1.81,20.34
549,538,Fresno FC,United Soccer League,0.83,2.1,20.26
550,561,St Mirren,Scottish Premiership,0.61,1.73,20.18
551,547,Stromsgodset,Norwegian Tippeligaen,0.81,2.08,20.17
552,551,Virtus Entella,Italy Serie B,0.66,1.81,20.14
553,535,Sacramento Republic FC,United Soccer League,0.71,1.93,19.94
554,552,Gillingham,English League One,0.69,1.9,19.77
555,557,Mjondalen,Norwegian Tippeligaen,0.81,2.1,19.72
556,546,Pisa,Italy Serie B,0.69,1.91,19.63
557,559,Polokwane City FC,South African ABSA Premier League,0.57,1.71,19.46
558,553,Austin Bold FC,United Soccer League,0.82,2.16,19.23
559,549,Bristol Rovers,English League One,0.57,1.74,19.18
560,558,Lincoln City,English League One,0.66,1.91,19.05
561,560,Maritzburg Utd,South African ABSA Premier League,0.48,1.58,19.05
562,555,Helsingborgs IF,Swedish Allsvenskan,0.65,1.9,18.87
563,563,Jubilo Iwata,Japanese J League,0.56,1.75,18.79
564,556,St Johnstone,Scottish Premiership,0.64,1.9,18.62
565,565,Juve Stabia,Italy Serie B,0.65,1.93,18.43
566,566,Brisbane Roar,Australian A-League,0.84,2.26,18.43
567,569,Matsumoto Yamaga FC,Japanese J League,0.4,1.49,18.23
568,564,New Mexico United,United Soccer League,0.83,2.28,17.99
569,582,Accrington Stanley,English League One,0.64,2.02,17.06
570,583,Charleston Battery,United Soccer League,0.57,1.92,16.77
571,570,Kalmar FF,Swedish Allsvenskan,0.48,1.77,16.58
572,568,Ottawa Fury FC,United Soccer League,0.61,2.02,16.57
573,572,Trapani,Italy Serie B,0.56,1.94,16.44
574,573,Hamilton Academical,Scottish Premiership,0.63,2.06,16.43
575,567,Portland Timbers 2,United Soccer League,0.99,2.7,16.3
576,577,El Paso Locomotive FC,United Soccer League,0.47,1.78,16.26
577,571,Shrewsbury Town,English League One,0.46,1.77,16.22
578,599,Loudoun United FC,United Soccer League,0.95,2.65,16.21
579,580,Cheltenham Town,English League Two,0.64,2.12,16.1
580,578,Tranmere Rovers,English League One,0.63,2.09,16.03
581,575,Golden Arrows,South African ABSA Premier League,0.46,1.78,16.01
582,576,AmaZulu,South African ABSA Premier League,0.49,1.84,15.9
583,585,AFC Wimbledon,English League One,0.58,2.05,15.57
584,579,Scunthorpe,English League Two,0.65,2.2,15.38
585,589,Mansfield Town,English League Two,0.61,2.13,15.37
586,592,Crewe Alexandra,English League Two,0.67,2.25,15.35
587,584,Baroka FC,South African ABSA Premier League,0.42,1.76,15.22
588,590,Vasby United,Swedish Allsvenskan,0.56,2.05,15.08
589,588,Central Coast Mariners,Australian A-League,0.68,2.29,15.05
590,587,Chippa United,South African ABSA Premier League,0.35,1.65,14.95
591,581,Swindon Town,English League Two,0.58,2.13,14.66
592,596,Charlotte Independence,United Soccer League,0.6,2.19,14.44
593,594,Plymouth Argyle,English League Two,0.52,2.08,13.98
594,591,Saint Louis FC,United Soccer League,0.45,1.94,13.98
595,586,Oklahoma City Energy FC,United Soccer League,0.58,2.22,13.81
596,598,Rio Grande Valley FC Toros,United Soccer League,0.58,2.22,13.81
597,574,Exeter City,English League Two,0.49,2.04,13.75
598,593,Black Leopards,South African ABSA Premier League,0.43,1.94,13.63
599,595,Forest Green Rovers,English League Two,0.4,1.87,13.53
600,601,Rochdale,English League One,0.56,2.22,13.42
601,597,Las Vegas Lights FC,United Soccer League,0.57,2.39,12.05
602,602,Stellenbosch FC,South African ABSA Premier League,0.39,2.03,11.93
603,600,Falkenbergs FF,Swedish Allsvenskan,0.5,2.26,11.91
604,606,Southend United,English League One,0.62,2.53,11.65
605,617,Leyton Orient,English League Two,0.54,2.37,11.61
606,607,Hartford Athletic,United Soccer League,0.78,2.88,11.42
607,608,Northampton Town,English League Two,0.46,2.24,11.28
608,604,Oldham Athletic,English League Two,0.48,2.36,10.76
609,603,Colchester United,English League Two,0.34,2.06,10.65
610,611,Newport County,English League Two,0.22,1.77,10.61
611,605,Salford City,English League Two,0.44,2.29,10.57
612,616,Birmingham Legion FC,United Soccer League,0.37,2.17,10.24
613,613,Swope Park Rangers,United Soccer League,0.68,2.87,9.98
614,623,Cambridge United,English League Two,0.32,2.11,9.76
615,609,Bethlehem Steel FC,United Soccer League,0.71,2.98,9.62
616,619,Crawley Town,English League Two,0.45,2.45,9.46
617,612,Bolton,English League One,0.39,2.33,9.33
618,615,Atlanta United 2,United Soccer League,0.62,2.88,9.09
619,621,Tacoma Defiance,United Soccer League,0.57,2.78,9.08
620,614,Memphis 901 FC,United Soccer League,0.32,2.23,8.92
621,618,Tulsa Roughnecks,United Soccer League,0.47,2.63,8.56
622,610,Grimsby Town,English League Two,0.32,2.27,8.55
623,620,Carlisle United,English League Two,0.38,2.44,8.43
624,622,Stevenage,English League Two,0.25,2.23,7.67
625,624,Macclesfield,English League Two,0.22,2.25,7.02
626,627,Morecambe,English League Two,0.29,2.48,6.77
627,625,Walsall,English League Two,0.2,2.26,6.62
628,626,Port Vale,English League Two,0.21,2.33,6.4
629,628,Colorado Springs Switchbacks FC,United Soccer League,0.2,2.45,5.6
